Storage_Modulus_Rt (MPa),loss_Modulus_Rt (MPa),Tensile_Modulus (MPa),Stress_at_Break (MPa),Tear_strength(kN/m),Density_(kg/m³),Shore_A,Abrasion_Resistance(mm³)
11.255,0.784361,20.0,45.0,70.0,1120.0,87.0,25.0
16.252,1.37216,40.0,50.0,85.0,1140.0,92.0,30.0
96.222,15.4119,240.0,55.0,150.0,1230.0,90.34361137298502,25.0
145.9,23.993299999999998,390.0,45.0,200.0,1240.0,65.86860575812706,25.0
137.94,21.8014,250.0,50.0,190.00000000000003,1180.0,75.36164213071737,30.0
97.73499999999999,15.134300000000001,160.0,13.000000000000002,60.0,1270.0,94.0,54.0
9.1693,0.593345,21.043,50.0,85.0,1190.0,82.0,30.0
76.46899999999998,14.029000000000003,150.0,50.0,150.0,1170.0,96.40675466482298,30.0
